{"initial_reset_timestamp": 1567459402.768845, "timestamps": [1567459417.829396, 1567459435.675937, 1567459437.589563, 1567459439.4731362, 1567459441.5342941, 1567459443.554442, 1567459445.535478, 1567459447.4678469, 1567459463.0456161, 1567459465.02706, 1567459466.888194, 1567459468.742031, 1567459470.630959, 1567459473.518153, 1567459475.49723, 1567459477.485038, 1567459479.4475362, 1567459481.335262, 1567459483.2883132, 1567459485.353827, 1567459487.398226, 1567459489.282408, 1567459491.178818, 1567459493.0397499, 1567459494.9250119, 1567459496.788791, 1567459498.8363678, 1567459514.955584, 1567459516.8219452, 1567459518.6884422, 1567459520.557237, 1567459522.421448, 1567459524.3016572, 1567459526.1678588, 1567459528.01167, 1567459529.848406, 1567459531.688183, 1567459533.5201201, 1567459535.365004, 1567459537.2002718, 1567459539.0359302, 1567459540.877753, 1567459542.718813, 1567459544.5562801, 1567459546.411716, 1567459548.255135, 1567459550.113562, 1567459551.9540548, 1567459553.7905989, 1567459555.62451, 1567459557.461101, 1567459559.301586, 1567459561.145625, 1567459563.005439, 1567459564.8532, 1567459566.694071, 1567459568.531931, 1567459570.386517, 1567459572.235908, 1567459574.080947, 1567459575.917651, 1567459577.759796, 1567459579.596879, 1567459581.461817, 1567459597.5369642, 1567459599.5758898, 1567459601.5339699, 1567459603.53899, 1567459605.56572, 1567459607.550857, 1567459609.420952, 1567459611.2862122, 1567459613.147491, 1567459615.0161622, 1567459616.87221, 1567459618.712132, 1567459620.558826, 1567459622.414342, 1567459624.274782, 1567459626.129177, 1567459627.974483, 1567459629.841485, 1567459631.694161, 1567459633.534821, 1567459635.393739, 1567459637.2508821, 1567459639.129567, 1567459641.025526, 1567459642.914201, 1567459644.8194659, 1567459646.675767, 1567459648.534602, 1567459650.391763, 1567459652.2511969, 1567459654.114741, 1567459655.985518, 1567459657.845855, 1567459659.698209, 1567459661.5467541, 1567459663.395304], "episode_lengths": [514, 514, 514, 514, 514, 514, 514, 514, 514, 514, 514, 514, 514, 514, 514, 514, 514, 514, 514, 514, 514, 514, 514, 514, 514, 514, 514, 514, 514, 514, 514, 514, 514, 514, 514, 514, 514, 514, 514, 514, 514, 514, 514, 514, 514, 514, 514, 514, 514, 514, 514, 514, 514, 514, 514, 514, 514, 514, 514, 514, 514, 514, 514, 514, 514, 514, 514, 514, 514, 514, 514, 514, 514, 514, 514, 514, 514, 514, 514, 514, 514, 514, 514, 514, 514, 514, 514, 514, 514, 514, 514, 514, 514, 514, 514, 514, 514, 514, 514, 514], "episode_rewards": [11.0, 11.0, 11.0, 11.0, 11.0, 11.0, 11.0, 11.0, 11.0, 11.0, 11.0, 11.0, 11.0, 11.0, 11.0, 11.0, 11.0, 11.0, 11.0, 11.0, 11.0, 11.0, 11.0, 11.0, 11.0, 11.0, 11.0, 11.0, 11.0, 11.0, 11.0, 11.0, 11.0, 11.0, 11.0, 11.0, 11.0, 11.0, 11.0, 11.0, 11.0, 11.0, 11.0, 11.0, 11.0, 11.0, 11.0, 11.0, 11.0, 11.0, 11.0, 11.0, 11.0, 11.0, 11.0, 11.0, 11.0, 11.0, 11.0, 11.0, 11.0, 11.0, 11.0, 11.0, 11.0, 11.0, 11.0, 11.0, 11.0, 11.0, 11.0, 11.0, 11.0, 11.0, 11.0, 11.0, 11.0, 11.0, 11.0, 11.0, 11.0, 11.0, 11.0, 11.0, 11.0, 11.0, 11.0, 11.0, 11.0, 11.0, 11.0, 11.0, 11.0, 11.0, 11.0, 11.0, 11.0, 11.0, 11.0, 11.0], "episode_types": ["t", "t", "t", "t", "t", "t", "t", "t", "t", "t", "t", "t", "t", "t", "t", "t", "t", "t", "t", "t", "t", "t", "t", "t", "t", "t", "t", "t", "t", "t", "t", "t", "t", "t", "t", "t", "t", "t", "t", "t", "t", "t", "t", "t", "t", "t", "t", "t", "t", "t", "t", "t", "t", "t", "t", "t", "t", "t", "t", "t", "t", "t", "t", "t", "t", "t", "t", "t", "t", "t", "t", "t", "t", "t", "t", "t", "t", "t", "t", "t", "t", "t", "t", "t", "t", "t", "t", "t", "t", "t", "t", "t", "t", "t", "t", "t", "t", "t", "t", "t"]}